date,Product A,Product B,Product C,Product D,Product E,Product F,daily_sum,CRM,Direct,Facebook,Google Ads,Organic search,Referral
2020-08-29,4579,2011,477,25252,956,144,33419,2420,337,2123,21985,4938,389
2020-08-30,4641,2079,518,29303,1251,206,37998,2611,376,2812,24524,5878,505
2020-08-31,5406,3634,667,38647,1418,253,50025,3282,500,2921,33484,7915,580
2020-09-01,6870,3408,704,54062,1100,317,66461,20859,501,2547,32932,7588,614
2020-09-02,6794,3168,464,42531,953,296,54206,11520,550,3065,30143,6998,616
2020-09-03,9806,3051,412,38237,878,264,52648,12100,456,2949,28274,6699,543
2020-09-04,6201,3006,389,38416,907,228,49147,9354,419,2672,28381,6454,475
2020-09-05,4608,2180,317,28926,756,183,36970,2835,321,2558,24431,5130,448
2020-09-06,4399,2254,386,30294,908,170,38411,2580,380,2212,25585,6064,410
2020-09-07,6293,3405,510,49362,1182,226,60978,12649,539,1403,35554,9138,567
2020-09-08,5842,3070,431,46112,965,255,56675,11735,485,1603,33997,7104,556
2020-09-09,9241,3323,385,38814,979,237,52979,10802,435,3097,30126,6755,601
2020-09-10,6516,3096,372,39964,969,198,51115,8509,452,2632,30372,6318,616
2020-09-11,5336,3110,473,42193,948,190,52250,6706,428,2865,29879,6162,474
2020-09-12,4227,1943,329,31205,786,176,38666,3862,354,2492,24565,4671,366
2020-09-13,4330,2152,388,55057,970,227,63124,3325,461,3365,28628,5439,418
2020-09-14,5507,3424,502,54601,1199,249,65482,7886,571,3556,38297,7801,486
2020-09-15,5364,3274,563,57666,1065,238,68170,15566,589,3886,36351,7513,433
2020-09-16,5882,3264,485,60632,1041,247,71551,13407,566,3445,36607,6891,463
2020-09-17,9626,2959,529,51352,931,218,65615,16013,442,2625,35585,6872,415
2020-09-18,5517,2538,360,39717,954,166,49252,6044,407,2425,30620,5963,355
2020-09-19,4020,1941,373,28572,822,149,35877,2086,349,2334,23162,4573,291
2020-09-20,4953,1932,343,41631,908,148,49915,5452,399,2779,24738,4924,364
2020-09-21,8164,3175,520,54079,1089,229,67256,11159,505,3470,37217,7303,485
2020-09-22,8193,2975,514,54738,1077,215,67712,14973,478,3557,37437,7142,496
2020-09-23,10195,3168,495,49539,1058,284,64739,14795,512,3661,35235,6967,421
2020-09-24,6530,5868,597,52312,1095,233,66635,10488,496,3051,35473,8695,477
2020-09-25,5227,5335,464,38479,961,189,50655,4403,428,2610,31950,7165,928
2020-09-26,5050,3184,336,27258,798,151,36777,2958,308,2609,22978,4847,1986
2020-09-27,4717,2614,422,37131,950,123,45957,2982,453,3191,24489,5152,638
2020-09-28,6782,4356,508,46688,1080,237,59651,9046,528,3002,31787,6946,718
2020-09-29,6553,4307,475,41177,1052,219,53783,10610,425,2954,30163,6623,850
2020-09-30,7091,5895,381,38359,1074,202,53002,7800,785,2961,31048,7061,431
2020-10-01,9624,4754,386,43781,1031,187,59763,10691,445,3607,34662,6721,441
2020-10-02,6592,3765,377,40681,994,199,52608,6582,394,3383,32904,5952,405
2020-10-03,5363,2625,329,31078,928,174,40497,3698,349,2679,25240,4598,419
2020-10-04,5794,2825,479,35867,1133,174,46272,4034,344,3695,28254,5216,430
2020-10-05,6790,4608,449,48742,1260,206,62055,10755,456,3351,36453,7289,509
2020-10-06,7079,3874,449,50137,1260,229,63028,14841,466,2862,34850,6975,533
2020-10-07,7203,3861,423,49311,1186,260,62244,8105,426,2822,36446,6757,524
2020-10-08,11023,4157,381,47480,1181,212,64434,15117,468,2746,36009,7055,448
2020-10-09,6316,4943,346,37880,1001,196,50682,5927,374,2727,33247,6423,445
2020-10-10,5163,2916,328,29426,904,149,38886,3619,321,2359,25280,4945,391
2020-10-11,5142,2993,394,34233,1069,160,43991,3514,302,3000,28766,5586,389
2020-10-12,7005,4567,504,48246,1288,247,61857,8374,403,2997,39609,7794,580
2020-10-13,7687,3843,442,47746,1158,195,61071,12177,413,2646,35142,7056,518
2020-10-14,9266,4098,429,48042,1174,234,63243,12105,445,2558,34770,6829,466
2020-10-15,7817,3986,447,51675,1115,226,65266,14408,416,2926,37565,6994,503
2020-10-16,5714,3882,380,45230,984,250,56440,13096,346,2463,32009,6159,461
2020-10-17,4689,2619,294,30050,944,192,38788,3129,308,2301,24623,4776,369
2020-10-18,5090,3156,396,34466,1070,198,44376,4861,308,3176,27352,5583,381
2020-10-19,7122,4069,414,41934,1172,250,54961,9516,402,3097,32912,6912,391
2020-10-20,6169,3858,440,47001,1115,252,58835,16523,545,2646,30244,6259,303
2020-10-21,9389,3662,387,43720,1062,273,58493,12907,426,2790,30231,6178,347
2020-10-22,6047,4877,396,48231,1125,239,60915,19714,528,2849,30038,6401,331
2020-10-23,5115,4184,358,31225,954,174,42010,6155,346,2604,26614,5722,289
2020-10-24,4231,2640,309,22481,936,151,30748,2969,273,2127,20219,4617,325
2020-10-25,4733,2733,378,24183,1024,156,33207,3750,280,2804,21117,4658,359
2020-10-26,6501,4692,418,37188,1244,236,50279,10471,456,2527,29107,7011,480
2020-10-27,8321,4119,355,38828,1025,264,52912,15361,383,2387,27655,6497,400
2020-10-28,6107,3992,334,28866,914,209,40422,5801,357,2220,25451,5843,470
2020-10-29,4704,2958,296,24355,893,169,33375,2297,331,2287,22662,5208,369
2020-10-30,5564,3561,358,35651,805,227,46166,11964,460,2583,24791,5689,421
2020-10-31,4270,2410,369,21529,746,134,29458,3050,280,2717,18513,4234,354
2020-11-01,4749,2888,424,29057,923,173,38214,3778,368,3798,24178,5336,340
2020-11-02,6702,4604,432,42252,1036,241,55267,12935,505,3254,29764,7195,417
2020-11-03,9336,7419,402,38534,861,220,56772,12456,468,3278,30139,7672,408
2020-11-04,7193,6233,452,32573,841,285,47577,7713,377,2809,27408,6760,419
2020-11-05,6327,6126,419,36631,807,226,50536,11790,466,2459,27484,5971,369
2020-11-06,7136,6784,383,26919,712,219,42153,5644,404,2150,26112,5987,361
2020-11-07,5097,4832,369,21935,760,170,33163,2196,305,1900,21922,5080,328
2020-11-08,5000,4690,385,25725,769,203,36772,3036,331,2035,23578,5619,327
2020-11-09,7394,6559,384,35702,801,224,51064,9182,554,1798,29900,7373,460
2020-11-10,9020,5649,325,32891,749,200,48834,12421,449,1675,26358,6157,369
2020-11-11,5252,5773,361,40098,715,218,52417,15761,598,1073,26900,6608,332
2020-11-12,6080,6523,412,31974,716,216,45921,5062,440,2272,29349,7079,397
2020-11-13,5114,5519,343,34784,655,227,46642,9239,387,1344,27734,6029,381
2020-11-14,4419,3543,314,22610,585,156,31627,2465,245,1208,21293,4215,320
2020-11-15,5337,3958,411,25824,691,161,36382,3586,291,1526,23563,4806,352
2020-11-16,7626,5525,382,39476,779,262,54050,9489,393,1850,32289,6816,437
2020-11-17,10228,4772,387,33714,731,267,50099,10386,448,1557,28589,5920,373
2020-11-18,6497,4835,386,40246,663,260,52887,11085,405,1810,29800,6429,381
2020-11-19,5905,15249,424,44931,729,244,67482,12549,723,1812,37358,12323,392
2020-11-20,5259,12515,381,35376,691,223,54445,7083,482,1589,33394,8998,439
2020-11-21,5014,5684,308,26917,628,213,38764,2619,312,1689,25904,5486,403
2020-11-22,5196,5006,339,33996,727,230,45494,3204,443,1794,31018,5526,455
2020-11-23,6351,6967,395,42838,687,304,57542,12296,529,1599,33883,7153,465
2020-11-24,12869,5108,323,32233,655,244,51432,11764,428,2948,28616,5840,343
2020-11-25,8658,5825,282,32065,552,297,47679,6465,432,4310,28307,6004,372
2020-11-26,7843,5939,379,38311,550,270,53292,11425,574,3894,29082,6566,404
2020-11-27,9840,5477,345,29668,504,208,46042,10130,381,2150,25563,6304,328
2020-11-28,6775,3813,344,23001,536,195,34664,2688,362,3018,21693,4858,283
2020-11-29,6532,3970,386,27042,517,265,38712,2830,376,3322,23921,5216,358
2020-11-30,7952,6164,432,41451,581,324,56904,9418,503,3237,31674,7286,485
2020-12-01,12507,6599,385,41428,567,366,61852,11100,512,4004,31984,7054,423
2020-12-02,9334,5407,430,45750,606,386,61913,13601,546,4285,32219,6420,446
2020-12-03,10251,4818,519,36628,571,297,53084,9759,490,3007,29531,6234,394
2020-12-04,5871,3753,405,28267,465,226,38987,5160,336,2603,23149,4250,274
2020-12-05,6853,2837,364,26967,524,247,37792,2786,289,3432,22886,3761,341
2020-12-06,7546,3656,414,38225,564,295,50700,4121,364,3968,26552,4369,412
2020-12-07,6809,5001,458,37801,546,297,50912,11195,475,2542,27410,5230,469
2020-12-08,9835,4823,503,36647,633,383,52824,9944,426,3015,30051,5247,411
2020-12-09,7996,4281,483,39619,676,361,53416,11316,416,3077,29007,5029,349
2020-12-10,8362,3939,451,34895,576,353,48576,8515,366,2845,28236,4849,421
2020-12-11,5583,3673,315,28502,593,264,38930,3628,405,2110,24688,4213,405
2020-12-12,5733,2960,360,32613,746,305,42717,3045,356,2602,25392,4387,408
2020-12-13,6200,3507,464,46874,862,349,58256,4782,445,3163,29207,5078,479
2020-12-14,6517,5073,432,45094,767,368,58251,9327,505,2105,33422,5794,463
2020-12-15,8013,4825,391,43124,787,347,57487,9646,458,2232,33591,5566,514
2020-12-16,6839,4560,381,47788,713,339,60620,9866,493,3247,33819,5108,504
2020-12-17,6606,4038,399,50159,739,274,62215,9103,496,12504,30936,4780,464
2020-12-18,4282,3699,328,40117,560,238,49224,6926,450,7278,26711,4255,345
2020-12-19,4368,3121,293,36993,524,254,45553,2661,374,8847,25085,3859,414
2020-12-20,4884,3332,363,48557,577,247,57960,3584,407,9942,28688,4348,409
2020-12-21,6216,4007,379,49223,586,316,60727,11935,546,6859,30827,4737,404
2020-12-22,7592,3889,363,42211,636,266,54957,10775,392,5013,29450,4561,353
2020-12-23,5429,3952,402,43121,621,259,53784,9475,379,4562,30141,4462,343
2020-12-24,4438,7598,422,51722,689,328,65197,13047,553,4332,34323,6625,454
2020-12-25,4404,6780,304,34577,565,220,46850,3648,492,4084,29101,5565,408
2020-12-26,4966,4735,272,32579,579,242,43373,2197,384,3967,26916,4319,345
2020-12-27,3374,4677,313,45980,707,269,55320,3591,464,6372,28916,4621,386
2020-12-28,6312,6153,316,42102,608,284,55775,11148,545,3007,31529,5546,394
2020-12-29,8041,5342,290,41741,560,249,56223,10241,454,8162,29049,4974,390
2020-12-30,4572,6968,278,33382,475,253,45928,3261,366,5479,26310,4753,316
2020-12-31,3867,3978,165,22688,383,161,31242,2376,250,4960,17756,3281,241
2021-01-01,5820,3930,247,33522,614,247,44380,2066,324,10312,22481,3386,321
2021-01-02,6410,4023,281,34032,727,275,45748,2475,415,8981,24471,3836,276
2021-01-03,6830,4029,314,36389,757,274,48593,2445,392,8726,26289,4152,316
2021-01-04,6553,5478,308,42993,725,331,56388,12095,432,5602,28163,4916,338
2021-01-05,10267,5163,294,33339,663,362,50088,9175,337,4135,26862,4983,352
2021-01-06,6729,4938,314,46324,674,323,59302,19518,534,3734,26410,4803,382
2021-01-07,9072,4838,269,32944,658,326,48107,8112,425,3138,27067,4852,294
2021-01-08,5407,4124,244,25804,527,296,36402,3668,444,2521,22417,3955,270
2021-01-09,5183,4064,219,26531,647,265,36909,1956,429,2983,23009,3884,246
2021-01-10,5796,4120,337,30219,686,304,41462,1923,447,4104,24904,4123,314
2021-01-11,4953,4717,400,33081,567,306,44024,6006,466,2683,26097,4906,278
2021-01-12,8090,4192,427,28252,614,340,41915,6576,425,2636,24600,4737,275
2021-01-13,5866,4141,359,37022,459,322,48169,11898,519,3021,25252,4502,276
2021-01-14,6502,3923,299,32130,378,294,43526,5525,493,7184,23453,4393,272
2021-01-15,4962,3881,267,26156,331,266,35863,2790,492,4464,21571,3953,243
2021-01-16,5090,3029,312,28450,355,240,37476,1440,467,6061,23161,3210,245
2021-01-17,5798,2976,401,44366,494,358,54393,1809,461,7477,26436,3565,329
2021-01-18,4845,3716,363,40112,472,354,49862,8581,559,5099,27628,4037,259
2021-01-19,4658,3420,349,31204,478,323,40432,3827,400,3587,25368,3775,224
2021-01-20,7425,3366,356,29769,485,325,41726,5657,409,3029,25245,3727,241
2021-01-21,5673,3797,358,32850,495,285,43458,6760,475,3364,25480,3519,295
2021-01-22,5122,3361,312,25286,438,250,34769,2968,369,3177,21655,3176,235
2021-01-23,5826,3021,412,24849,471,264,34843,1525,394,3909,21691,3039,241
2021-01-24,6675,3254,545,39834,628,326,51262,3247,470,4811,25032,3578,244
2021-01-25,6179,4207,585,37713,562,321,49567,6469,513,3847,27873,4164,285
2021-01-26,9912,3851,587,31239,534,344,46467,6571,447,3202,28197,3858,271
2021-01-27,7750,3784,538,40697,521,376,53666,11863,506,3568,29226,3366,303
2021-01-28,11053,3718,490,32091,497,385,48234,7671,609,3050,28504,3668,333
2021-01-29,5620,3514,425,28529,434,273,38795,4553,389,2603,23606,3018,273
2021-01-30,7140,2875,473,29666,451,341,40946,2268,432,3976,25659,2858,221
2021-01-31,6242,3306,567,42780,597,327,53819,2560,487,3664,26895,3379,287
2021-02-01,6621,4800,554,39697,486,333,52491,7553,507,4500,30354,4247,403
2021-02-02,7871,3539,459,32803,390,231,45293,5796,419,2973,24879,3770,278
2021-02-03,7127,3898,475,39443,482,283,51708,9101,604,3166,28619,4560,278
2021-02-04,9274,4130,467,38682,464,304,53321,8642,572,3505,30015,4808,342
2021-02-05,6119,4048,422,37412,505,281,48787,8045,519,2767,28548,4412,315
2021-02-06,5706,3330,511,38561,469,240,48817,3364,389,2583,26226,3850,325
2021-02-07,5824,3601,686,55593,628,253,66585,4974,583,2973,31620,4864,457
2021-02-08,5901,4294,547,42943,587,348,54620,4473,511,3357,34896,5520,363
2021-02-09,7074,3741,412,41016,543,354,53140,4580,482,1660,34258,5470,385
2021-02-10,6096,3603,396,43609,529,371,54604,8518,464,2072,32100,5319,333
2021-02-11,9972,3476,392,36496,522,295,51153,8453,474,2002,30050,4587,351
2021-02-12,5148,3215,331,38906,425,314,48339,3945,407,6957,28861,3960,312
2021-02-13,5649,2784,358,37517,447,316,47071,3177,452,6379,28175,3790,327
2021-02-14,5794,3010,402,53766,550,303,63825,3798,506,5816,33320,4324,430
2021-02-15,6507,4990,428,68891,601,431,81848,23959,646,6075,39888,5646,433
2021-02-16,7330,4899,443,47778,487,421,61358,7022,507,5173,37955,5487,387
2021-02-17,7031,4179,327,50287,580,454,62858,10127,532,5712,36967,5270,425
2021-02-18,6633,4621,376,39324,557,400,51911,4004,454,4466,34885,4901,355
2021-02-19,6208,3912,311,32157,489,335,43412,3273,440,2907,29505,4314,265
2021-02-20,13866,3490,353,32988,506,323,51526,9913,639,3649,28272,3974,331
2021-02-21,12585,3676,455,47881,617,354,65568,5124,837,8793,32549,4706,350
2021-02-22,8256,4354,453,50592,597,410,64662,12751,630,5047,35877,5707,396
2021-02-23,10609,3965,454,40467,540,398,56433,8945,557,3634,33163,5202,301
2021-02-24,9169,4006,379,45712,596,372,60234,12440,631,4908,33262,4953,319
2021-02-25,14990,6083,488,50337,634,371,72903,14411,3004,9025,34227,4798,357
2021-02-26,8375,3493,356,32746,462,250,45682,3858,891,6552,27420,3794,263
2021-02-27,9056,4432,373,51774,517,334,66486,15948,856,6269,26563,3482,230
2021-02-28,8648,3972,447,59683,676,338,73764,7806,802,7663,31877,4088,281
2021-03-01,6784,4094,373,55049,651,450,67401,11665,634,6864,35952,5145,276
2021-03-02,13369,3982,360,43190,606,440,61947,12279,650,5226,34861,4373,284
2021-03-03,9028,4629,405,48663,536,457,63718,13545,577,4884,32558,4305,253
2021-03-04,6248,3834,386,39085,560,383,50496,6594,553,3739,30428,4122,275
2021-03-05,6426,3546,445,34859,504,366,46146,4166,517,4994,28341,4284,235
2021-03-06,6376,2813,310,27265,548,251,37563,2347,431,4108,22586,2918,185
2021-03-07,6994,2846,360,44464,657,282,55603,3524,609,6363,26252,3608,234
2021-03-08,6749,3638,370,51087,676,426,62946,13779,594,5257,30717,4093,224
2021-03-09,13728,3789,340,34304,1447,320,53928,12528,552,3765,27844,3498,204
2021-03-10,9038,3889,327,44232,881,405,58772,15465,578,3648,29410,3391,269
2021-03-11,7663,3308,270,35749,658,397,48045,5677,560,3762,29640,3645,250
2021-03-12,11893,2894,285,32082,586,478,48218,9407,541,3505,27655,3170,270
2021-03-13,6056,2203,274,26139,628,393,35693,3037,414,2602,21746,2460,216
2021-03-14,7065,2891,321,42326,745,437,53785,3708,523,4039,28304,3251,279
2021-03-15,7399,3615,304,47481,821,583,60203,11785,609,2853,35072,4086,296
2021-03-16,18360,3811,195,39193,1085,534,63178,11726,955,7523,34211,4182,304
2021-03-17,11689,3218,194,41850,1029,444,58424,9319,849,5983,34097,3792,229
2021-03-18,12837,10606,162,31920,625,337,56487,3643,867,6056,30604,5076,328
2021-03-19,9132,7608,203,36689,702,326,54660,11420,668,4251,30319,4602,227
2021-03-20,8512,4344,197,26619,601,227,40500,2641,581,3791,23827,3280,225
2021-03-21,10145,4245,192,40084,706,260,55632,3819,664,5002,27033,3800,257
2021-03-22,10429,8895,259,46653,705,389,67330,14632,816,4596,36140,5866,299
2021-03-23,11183,7689,211,33293,597,340,53313,4761,689,4909,34159,4651,241
2021-03-24,18939,10655,175,33488,512,337,64106,10809,870,7062,33751,4396,218
2021-03-25,11725,7496,179,30459,530,295,50684,3548,749,6101,32251,4138,222
2021-03-26,11660,9175,144,35732,419,228,57358,12665,709,5620,28722,3365,167
2021-03-27,8428,3822,126,21772,372,136,34656,2971,501,4482,21520,2450,137
2021-03-28,8812,4884,148,31471,538,174,46027,3359,589,4968,26565,2742,144
2021-03-29,8302,6343,164,43363,640,225,59037,12027,549,4410,33623,3955,199
2021-03-30,16744,6072,124,32618,436,182,56176,12090,789,5427,27771,4025,161
2021-03-31,11284,6794,142,33052,448,172,51892,4946,665,5258,31972,3739,202
2021-04-01,10256,8147,148,43024,460,180,62215,14171,602,5233,32954,3870,193
2021-04-02,8745,5851,118,27558,277,134,42683,3675,581,5521,26518,3731,176
2021-04-03,9999,6227,117,26173,331,94,42941,1928,676,4289,25733,3864,202
2021-04-04,15424,13047,143,37272,404,143,66433,3198,902,7045,30464,4161,229
2021-04-05,13989,7183,170,33486,383,181,55392,7081,794,4901,33775,4465,248
2021-04-06,11355,7206,166,28763,334,164,47988,4415,689,4224,30575,3854,213
2021-04-07,9364,7004,127,37462,379,150,54486,10301,608,3740,28753,3628,188
2021-04-08,7935,5562,118,36239,314,166,50334,5386,555,4759,27761,3360,196
2021-04-09,8416,5018,121,34808,262,127,48752,11241,548,4003,25638,2912,216
2021-04-10,8682,4838,111,27746,314,151,41842,2612,553,5611,23520,2461,178
2021-04-11,10920,10257,146,41028,373,189,62913,3772,753,9431,28649,3190,266
2021-04-12,9662,6560,151,46488,345,186,63392,14180,643,10137,29499,3055,242
2021-04-13,12626,4661,103,31227,239,145,49001,8679,588,6487,25017,2489,166
2021-04-14,9138,4552,114,31650,305,174,45933,3542,501,6470,27533,2614,174
2021-04-15,8393,8823,104,33972,328,169,51789,2152,668,7998,29377,2922,179
2021-04-16,11146,4555,127,30043,326,168,46365,5982,518,5715,26785,2691,171
2021-04-17,9103,3891,95,29050,369,130,42638,2561,494,5040,24803,2333,177
2021-04-18,11291,5508,120,43622,400,148,61089,3455,704,9292,28140,2715,201
2021-04-19,12929,5324,144,37085,481,184,56147,7418,671,7340,31743,3155,195
2021-04-20,13453,4881,134,31273,365,151,50257,6821,670,5740,29883,3056,205
2021-04-21,8532,4667,171,30903,373,197,44843,2663,514,4869,29570,3029,208
2021-04-22,9704,4324,167,38944,330,197,53666,12151,651,6565,27391,2809,218
2021-04-23,10002,3841,115,25660,329,130,40077,3281,621,4729,25049,2352,182
2021-04-24,9280,3840,146,44621,367,184,58438,13444,696,6414,26276,2386,208
2021-04-25,11075,7330,134,39252,317,131,58239,4114,690,6573,28007,2385,180
2021-04-26,10878,5411,144,43899,437,236,61005,10876,660,5133,35174,3272,288
2021-04-27,12398,4005,112,40531,295,203,57544,12751,662,5455,31304,2738,237
2021-04-28,8875,3323,131,37090,328,145,49892,11852,578,5356,24483,2313,211
2021-04-29,7668,2939,91,25777,216,159,36850,3271,433,4529,21608,1829,152
2021-04-30,9078,3143,98,34032,198,233,46782,2913,604,6764,25982,1896,199
2021-05-01,13884,3014,129,41783,272,220,59302,6189,627,9677,27121,1874,227
2021-05-02,13181,5483,133,48708,290,212,68007,2672,683,11242,29399,2187,236
2021-05-03,15685,4387,135,42330,356,302,63195,7218,819,9315,33252,2828,199
2021-05-04,11226,3966,104,49480,267,256,65299,15261,683,7947,31392,2602,197
2021-05-05,10445,3785,88,38540,271,208,53337,7870,622,5794,29872,2486,173
2021-05-06,11552,5190,119,56214,269,176,73520,15033,778,7697,29352,2767,248
2021-05-07,9717,4291,69,38945,214,170,53406,4340,557,11893,27945,2330,179
2021-05-08,8004,3183,75,42747,216,121,54346,7001,467,9935,23472,1912,165
2021-05-09,9764,4332,91,46141,232,104,60664,3162,585,10646,24244,2136,186
2021-05-10,8427,5077,125,58711,276,168,72784,13248,642,12531,32612,3048,310
2021-05-11,8651,5339,106,49809,230,158,64293,13237,536,7468,28242,2472,257
2021-05-12,7943,3477,98,31964,203,130,43815,4553,447,4864,24168,2136,169
2021-05-13,5949,2831,110,22591,226,97,31804,1477,351,3202,21519,1952,121
2021-05-14,5417,3271,144,24327,256,106,33521,2342,331,2886,22785,1995,145
2021-05-15,4919,2905,158,24254,282,100,32618,1805,352,2808,21161,1933,146
2021-05-16,11494,3985,168,49487,314,118,65566,12049,787,7371,27133,2454,236
2021-05-17,13078,4504,188,43529,394,209,61902,9299,895,7706,36409,3201,247
2021-05-18,11856,4149,156,35997,327,177,52662,8760,655,4977,32286,2700,224
2021-05-19,8731,3366,157,28730,340,127,41451,2656,607,4705,28058,2237,191
2021-05-20,10458,3816,149,35225,309,118,50075,9454,643,3751,30472,2662,231
2021-05-21,8159,3823,136,26764,305,114,39301,2789,585,3230,27312,2435,169
2021-05-22,8072,5737,140,32233,289,87,46558,7047,617,3969,24885,2107,111
2021-05-23,9481,4284,160,36664,285,111,50985,2232,679,4111,28315,2546,180
2021-05-24,7654,4083,145,35768,352,111,48113,8780,626,3253,29210,2796,180
2021-05-25,11030,3671,156,30199,286,127,45469,6034,682,4487,27684,2600,214
2021-05-26,8706,3918,134,30031,253,124,43166,2779,665,4084,28443,2625,208
2021-05-27,8026,3792,151,36694,284,122,49069,11202,583,3513,28363,2699,185
2021-05-28,7658,4001,112,25448,306,114,37639,3523,552,3797,25255,2343,152
2021-05-29,9434,3486,104,29780,322,93,43219,9247,720,4628,24140,2239,107
2021-05-30,8943,3603,149,35523,317,105,48640,2899,611,6002,26943,2513,132
2021-05-31,8104,4130,150,34031,303,111,46829,2929,602,4332,31166,3046,228
2021-06-01,8071,4416,128,37616,344,191,50766,6720,614,4271,31555,3398,220
2021-06-02,8847,4380,146,36249,286,184,50092,2481,594,4270,30092,3204,189
2021-06-03,13008,4167,136,27942,292,208,45753,7646,869,3712,27713,2846,168
2021-06-04,8186,3571,129,24488,287,153,36814,2390,513,3931,25201,2357,162
2021-06-05,6390,2445,80,20024,269,153,29361,1719,445,3099,20039,1967,142
2021-06-06,9512,3190,151,35425,359,153,48790,8417,680,5203,25266,2696,187
2021-06-07,6938,4036,161,31322,370,210,43037,3389,554,3696,29329,3171,188
2021-06-08,6916,3979,122,36303,340,223,47883,8749,530,3875,29185,2917,195
2021-06-09,12442,3688,152,33239,338,206,50065,7780,749,3607,28168,3111,211
2021-06-10,10107,2752,104,22708,262,165,36098,7024,511,2378,21775,2366,161
2021-06-11,6312,2923,111,23263,296,134,33039,2547,448,2607,23060,2431,198
2021-06-12,5264,2091,111,18210,360,118,26154,1910,379,2599,17987,1895,108
2021-06-13,6567,2621,196,36965,397,148,46894,11842,575,4269,24847,2809,165
2021-06-14,8831,3451,144,36781,467,192,49866,10411,660,4185,28990,3644,253
2021-06-15,6978,3498,153,31186,303,207,42325,3474,544,4023,27135,3334,225
2021-06-16,9878,3279,132,34879,362,188,48718,9326,565,3920,27697,2583,224
2021-06-17,11842,3352,151,35426,348,160,51279,5897,717,4381,27615,2284,203
2021-06-18,7759,2939,110,34719,339,97,45963,9515,628,5996,25652,2155,270
2021-06-19,6538,2118,105,21435,290,70,30556,2676,409,4205,20337,1570,173
2021-06-20,7651,2424,152,34901,441,80,45649,10408,585,5328,24339,2298,219
2021-06-21,7640,3485,155,37535,450,108,49373,3814,642,5319,31297,2837,281
2021-06-22,12863,3118,143,33071,440,139,49774,7045,747,4724,31031,2173,245
2021-06-23,10066,2983,113,30759,375,121,44417,3344,585,4933,29634,2085,209
2021-06-24,13400,2900,123,29146,319,127,46015,4253,865,7781,28970,2072,156
2021-06-25,12999,2843,114,30361,364,106,46787,7731,806,6477,28570,1686,215
2021-06-26,8926,1989,90,23394,286,80,34765,2015,624,5913,23559,1305,139
2021-06-27,11352,2595,133,40321,447,102,54950,11611,881,8466,30183,1796,175
2021-06-28,13314,3134,151,35246,479,104,52428,7963,750,6506,32925,2496,233
2021-06-29,14099,3066,144,32969,448,104,50830,8204,713,6711,31234,2274,216
2021-06-30,9024,2827,110,30119,379,120,42579,2594,614,5045,30532,2152,197
2021-07-01,12141,3143,109,33022,369,107,48891,6218,719,4787,30179,2281,197
2021-07-02,7021,2442,117,32356,393,97,42426,1866,532,4413,26126,2582,143
2021-07-03,5849,2015,118,27960,293,75,36310,1776,384,4132,22461,1959,125
2021-07-04,5897,1938,80,25171,245,59,33390,2295,395,4576,21715,1975,145
2021-07-05,9304,3333,165,55759,476,118,69155,12233,793,6823,36904,4585,244
2021-07-06,10554,3913,148,58853,431,156,74055,12817,806,5965,39580,4794,256
2021-07-07,10091,3287,166,64207,464,124,78339,3995,840,14380,40115,5045,237
2021-07-08,10509,3377,153,61490,502,160,76191,14008,822,10676,41408,4860,233
2021-07-09,9630,3080,112,48768,383,94,62067,8139,663,8792,37114,4005,195
2021-07-10,9135,2210,113,34540,350,100,46448,2280,515,7127,30604,3133,151
2021-07-11,9207,2373,123,41184,433,96,53416,2982,603,9745,33090,3308,159
2021-07-12,10225,4355,142,75728,426,142,91018,9965,893,10762,42962,4774,256
2021-07-13,9870,3080,125,57140,436,151,70802,10802,780,8251,42035,4372,116
2021-07-14,9673,3101,140,53239,433,123,66709,10439,807,9866,37569,4005,36
2021-07-15,9002,2819,76,44245,331,89,56562,6877,650,8447,33746,3228,64
2021-07-16,14884,3078,93,49827,379,114,68375,11220,1017,12544,36924,3611,60
2021-07-17,7888,2267,82,40392,274,74,50977,3786,562,12949,28503,2447,51
2021-07-18,6621,1904,72,33626,279,74,42576,2196,492,10126,25391,2045,54
2021-07-19,7703,2418,89,43962,315,69,54556,7903,576,11521,29240,2481,68
2021-07-20,5676,1551,57,21218,197,45,28744,1100,351,6745,17290,1443,25
2021-07-21,6206,1758,60,21588,295,50,29957,992,410,6008,18907,1674,42
2021-07-22,7258,1941,69,25358,310,54,34990,1463,421,6537,22270,1974,32
2021-07-23,8003,2345,89,30040,331,55,40863,1827,491,8044,25283,2264,46
2021-07-24,7966,2465,140,30248,425,74,41318,1311,519,7867,26574,2353,43
2021-07-25,14312,2915,145,35394,508,96,53370,6834,899,8365,31671,2796,34
2021-07-26,10610,4462,197,55758,599,148,71774,9752,899,8972,43863,4469,89
2021-07-27,12724,4080,165,52695,561,147,70372,10818,855,7186,40372,3806,53
2021-07-28,9791,4220,141,42315,453,124,57044,2618,650,5874,36108,3381,54
2021-07-29,10282,3718,139,35649,484,88,50360,3336,680,6045,34117,3222,68
2021-07-30,8507,3328,138,28604,356,102,41035,2487,550,4491,28597,2638,50
2021-07-31,8367,2711,83,25023,365,57,36606,1997,594,4609,24833,2042,35
2021-08-01,8997,2881,128,27395,424,58,39883,1611,566,5815,26828,2405,43
2021-08-02,12978,3751,181,33716,510,101,51237,4947,845,5634,34112,3410,60
2021-08-03,10487,3833,141,35054,519,88,50122,2077,677,5459,33257,3303,69
2021-08-04,10533,4315,143,37508,509,94,53102,7321,758,5706,31916,3155,48
2021-08-05,10739,3782,111,30834,488,103,46057,3094,625,5502,31691,2888,58
2021-08-06,9756,3437,130,29250,511,91,43175,2441,597,5056,30284,2748,60
2021-08-07,8217,2747,115,23735,449,71,35334,1309,498,4803,24416,2177,31
2021-08-08,9680,3034,165,28181,502,81,41643,1501,618,5978,26574,2252,60
2021-08-09,11070,4256,216,45984,559,135,62220,10313,878,6365,36029,3610,72
2021-08-10,9971,3651,186,40780,555,89,55232,9306,644,5194,33803,3379,49
2021-08-11,9227,3251,162,33693,579,108,47020,2398,608,4432,32028,3037,82
2021-08-12,9344,4241,134,36205,505,94,50523,2672,640,3733,30076,3022,142
2021-08-13,8826,3155,123,26768,559,76,39507,2225,570,3888,27448,2751,151
2021-08-14,7602,2403,99,20096,464,64,30728,1354,476,3248,21644,2248,214
2021-08-15,8400,2725,111,23837,544,44,35661,899,581,3643,24143,2584,624
2021-08-16,13429,3576,118,35312,616,104,53155,6020,972,3493,33118,3893,1467
2021-08-17,9477,3422,116,31483,713,167,45378,1478,752,3712,31698,3633,921
2021-08-18,8793,3269,119,33172,803,132,46288,4285,662,4240,31244,3542,181
2021-08-19,7971,3154,97,30693,735,99,42749,2058,572,4400,29062,3379,158
2021-08-20,8117,2899,97,26374,656,69,38212,1299,493,3943,27408,2907,183
2021-08-21,7405,2211,60,28151,547,71,38445,1832,447,3861,21977,2321,79
2021-08-22,7510,2239,92,33194,701,72,43808,1062,582,5041,24650,2781,88
2021-08-23,10023,2992,96,43358,689,110,57268,8190,708,6073,30980,3675,133
2021-08-24,12833,3046,100,36125,620,105,52829,7534,678,5728,30671,3709,130
2021-08-25,12303,2975,83,36334,616,94,52405,2517,587,5925,29205,3517,112
2021-08-26,8386,2686,74,35333,582,110,47171,7797,711,5014,27921,3332,114
2021-08-27,7229,2816,80,31618,529,87,42359,3593,550,4980,25934,3160,62
2021-08-28,6575,2115,70,25089,480,73,34402,1571,484,4076,21390,2582,67
2021-08-29,6417,2242,63,33099,514,57,42392,1787,524,4520,21920,2501,345
2021-08-30,7708,2542,105,31847,554,92,42848,2260,592,6301,26770,3195,187
2021-08-31,8069,3200,107,33396,493,74,45339,1543,565,5148,29012,3532,145
2021-09-01,8977,3456,113,43382,606,103,56637,10755,817,6520,31828,3714,121
2021-09-02,9021,3194,95,34907,598,95,47910,3353,735,6050,31263,3760,115
2021-09-03,11984,3094,91,31240,583,91,47083,5175,660,6143,29196,3370,105
2021-09-04,8720,2588,65,24912,481,82,36848,2203,552,5110,23931,2726,64
2021-09-05,8142,2763,88,27503,555,69,39120,1960,572,4950,24424,3023,70
2021-09-06,8856,3474,108,39132,730,78,52378,4378,698,5362,27645,4036,104
2021-09-07,11150,3440,117,37595,842,84,53228,4365,719,4836,33066,4064,67
2021-09-08,11436,3076,107,34943,803,71,50436,5500,701,3886,32479,3429,84
2021-09-09,8111,3381,91,29425,729,94,41831,2972,565,3996,28440,3271,195
2021-09-10,7314,2753,66,27087,545,74,37839,5116,506,3567,24240,2480,89
2021-09-11,6385,2646,79,21109,479,60,30758,1801,468,3338,21013,2371,88
2021-09-12,6769,2989,88,24867,639,53,35405,1548,526,3963,23431,2558,80
2021-09-13,8361,3858,134,39570,761,117,52801,4306,702,4884,30618,3782,166
2021-09-14,7185,3310,109,26469,518,84,37675,2099,554,3961,25178,3082,139
2021-09-15,7873,3955,109,33849,632,76,46494,4960,646,5612,29602,3486,94
2021-09-16,8531,3417,101,30617,522,68,43256,3624,610,4868,28663,3182,90
2021-09-17,13035,3004,93,26404,450,96,43082,5277,721,4554,27744,3060,76
2021-09-18,8428,2266,78,27860,451,53,39136,1651,617,4055,23288,2506,36
2021-09-19,8720,2397,96,29403,485,58,41159,2388,616,4347,24924,2533,36
2021-09-20,10554,3649,152,42244,607,86,57292,9232,766,5547,34936,3942,74
2021-09-21,12210,3089,108,38349,437,72,54265,6761,895,4338,27573,3046,81
2021-09-22,9382,3351,118,33408,509,89,46857,2320,1095,3630,31382,3577,93
2021-09-23,9794,4160,128,59125,615,84,73906,11475,1236,3410,36682,4386,87
2021-09-24,6597,3873,125,34650,518,103,45866,2524,982,3109,31960,3636,73
2021-09-25,7921,2635,81,30233,425,62,41357,1704,831,3435,25915,2861,46
2021-09-26,8675,2682,102,34948,528,45,46980,1882,914,4031,28477,3287,53
2021-09-27,12962,4312,159,39148,640,93,57314,5768,1234,4475,37746,4446,116
2021-09-28,9565,3930,110,49452,596,73,63726,1859,1124,4220,35425,4061,92
2021-09-29,10306,3582,141,43766,608,83,58486,7040,1091,4175,34385,4004,73
2021-09-30,14211,3690,119,34219,489,90,52818,7658,1136,3624,32637,3467,79
2021-10-01,10190,3437,109,30497,641,77,44951,2208,1070,4072,30698,3152,79
2021-10-02,7594,2008,84,19520,452,61,29719,921,736,3005,20744,2139,43
2021-10-03,9268,2555,100,33364,611,77,45975,1436,1072,4187,26889,2791,49
2021-10-04,10334,4261,125,48804,828,135,64487,6603,1138,5474,37926,4181,133
2021-10-05,8193,3698,89,42757,660,117,55514,2507,631,4057,34385,3929,89
2021-10-06,9928,3266,93,43432,718,102,57539,8944,730,5364,33241,4019,86
2021-10-07,7766,2622,71,27958,614,87,39118,2412,562,3095,26538,3314,77
2021-10-08,9508,2823,90,27039,590,97,40147,3288,609,2634,26935,3715,64
2021-10-09,8255,2165,79,23582,602,68,34751,1609,468,2790,24304,2927,61
2021-10-10,7518,1977,97,23997,499,60,34148,1251,646,3772,22081,2979,170
2021-10-11,10692,3401,120,41583,751,94,56641,6672,806,5937,33230,4807,89
2021-10-12,9443,3262,107,36110,730,190,49842,2497,711,5888,32277,4509,106
2021-10-13,13756,3219,108,34703,674,100,52560,6079,802,4576,33172,4341,96
2021-10-14,10022,3979,105,35996,709,93,50904,2848,747,4930,34627,4393,105
2021-10-15,11445,3407,90,33550,670,98,49260,3953,722,4327,32897,4175,66
2021-10-16,7383,1993,68,25486,471,46,35447,1318,493,4291,21555,2598,62
2021-10-17,9195,2392,91,38155,652,59,50544,1953,599,6520,29707,3384,88
